Counter,ResNet50 Best Param,ResNet50 Val Acc,ResNet50 Test Acc,ResNet50 F1 score,ResNet50 Precision,ResNet50 Recall,ResNet50 True Neg.,ResNet50 False Pos.,ResNet50 False Neg.,ResNet50 True Pos.,ResNeXt50 Best Param,ResNeXt50 Val Acc,ResNeXt50 Test Acc,ResNeXt50 F1 score,ResNeXt50 Precision,ResNeXt50 Recall,ResNeXt50 True Neg.,ResNeXt50 False Pos.,ResNeXt50 False Neg.,ResNeXt50 True Pos.,EfficientNet B4 Best Param,EfficientNet B4 Val Acc,EfficientNet B4 Test Acc,EfficientNet B4 F1 score,EfficientNet B4 Precision,EfficientNet B4 Recall,EfficientNet B4 True Neg.,EfficientNet B4 False Pos.,EfficientNet B4 False Neg.,EfficientNet B4 True Pos.,ResNet101 Best Param,ResNet101 Val Acc,ResNet101 Test Acc,ResNet101 F1 score,ResNet101 Precision,ResNet101 Recall,ResNet101 True Neg.,ResNet101 False Pos.,ResNet101 False Neg.,ResNet101 True Pos.,ResNet152 Best Param,ResNet152 Val Acc,ResNet152 Test Acc,ResNet152 F1 score,ResNet152 Precision,ResNet152 Recall,ResNet152 True Neg.,ResNet152 False Pos.,ResNet152 False Neg.,ResNet152 True Pos.,IncResNetV2 Best Param,IncResNetV2 Val Acc,IncResNetV2 Test Acc,IncResNetV2 F1 score,IncResNetV2 Precision,IncResNetV2 Recall,IncResNetV2 True Neg.,IncResNetV2 False Pos.,IncResNetV2 False Neg.,IncResNetV2 True Pos.,FeatSpaceEnsNet 7: ResNet50-IncResNetV2 Best Param,FeatSpaceEnsNet 7: ResNet50-IncResNetV2 Val Acc,FeatSpaceEnsNet 7: ResNet50-IncResNetV2 Test Acc,FeatSpaceEnsNet 7: ResNet50-IncResNetV2 F1 score,FeatSpaceEnsNet 7: ResNet50-IncResNetV2 Precision,FeatSpaceEnsNet 7: ResNet50-IncResNetV2 Recall,FeatSpaceEnsNet 7: ResNet50-IncResNetV2 True Neg.,FeatSpaceEnsNet 7: ResNet50-IncResNetV2 False Pos.,FeatSpaceEnsNet 7: ResNet50-IncResNetV2 False Neg.,FeatSpaceEnsNet 7: ResNet50-IncResNetV2 True Pos.,AvgEnsNet 2: ResNet50 & ResNet101 Best Param,AvgEnsNet 2: ResNet50 & ResNet101 Val Acc,AvgEnsNet 2: ResNet50 & ResNet101 Test Acc,AvgEnsNet 2: ResNet50 & ResNet101 F1 score,AvgEnsNet 2: ResNet50 & ResNet101 Precision,AvgEnsNet 2: ResNet50 & ResNet101 Recall,AvgEnsNet 2: ResNet50 & ResNet101 True Neg.,AvgEnsNet 2: ResNet50 & ResNet101 False Pos.,AvgEnsNet 2: ResNet50 & ResNet101 False Neg.,AvgEnsNet 2: ResNet50 & ResNet101 True Pos.,AvgEnsNet 3: ResNet50 & ResNeXt50 Best Param,AvgEnsNet 3: ResNet50 & ResNeXt50 Val Acc,AvgEnsNet 3: ResNet50 & ResNeXt50 Test Acc,AvgEnsNet 3: ResNet50 & ResNeXt50 F1 score,AvgEnsNet 3: ResNet50 & ResNeXt50 Precision,AvgEnsNet 3: ResNet50 & ResNeXt50 Recall,AvgEnsNet 3: ResNet50 & ResNeXt50 True Neg.,AvgEnsNet 3: ResNet50 & ResNeXt50 False Pos.,AvgEnsNet 3: ResNet50 & ResNeXt50 False Neg.,AvgEnsNet 3: ResNet50 & ResNeXt50 True Pos.,AvgEnsNet 4: ResNet50 & ResNet101 & ResNeXt50 Best Param,AvgEnsNet 4: ResNet50 & ResNet101 & ResNeXt50 Val Acc,AvgEnsNet 4: ResNet50 & ResNet101 & ResNeXt50 Test Acc,AvgEnsNet 4: ResNet50 & ResNet101 & ResNeXt50 F1 score,AvgEnsNet 4: ResNet50 & ResNet101 & ResNeXt50 Precision,AvgEnsNet 4: ResNet50 & ResNet101 & ResNeXt50 Recall,AvgEnsNet 4: ResNet50 & ResNet101 & ResNeXt50 True Neg.,AvgEnsNet 4: ResNet50 & ResNet101 & ResNeXt50 False Pos.,AvgEnsNet 4: ResNet50 & ResNet101 & ResNeXt50 False Neg.,AvgEnsNet 4: ResNet50 & ResNet101 & ResNeXt50 True Pos.,AvgEnsNet 5: ResNet50 & ResNet101 & InceptionResNetV2 Best Param,AvgEnsNet 5: ResNet50 & ResNet101 & InceptionResNetV2 Val Acc,AvgEnsNet 5: ResNet50 & ResNet101 & InceptionResNetV2 Test Acc,AvgEnsNet 5: ResNet50 & ResNet101 & InceptionResNetV2 F1 score,AvgEnsNet 5: ResNet50 & ResNet101 & InceptionResNetV2 Precision,AvgEnsNet 5: ResNet50 & ResNet101 & InceptionResNetV2 Recall,AvgEnsNet 5: ResNet50 & ResNet101 & InceptionResNetV2 True Neg.,AvgEnsNet 5: ResNet50 & ResNet101 & InceptionResNetV2 False Pos.,AvgEnsNet 5: ResNet50 & ResNet101 & InceptionResNetV2 False Neg.,AvgEnsNet 5: ResNet50 & ResNet101 & InceptionResNetV2 True Pos.,AvgEnsNet 6: ResNet50 & ResNet101 & ResNet152 Best Param,AvgEnsNet 6: ResNet50 & ResNet101 & ResNet152 Val Acc,AvgEnsNet 6: ResNet50 & ResNet101 & ResNet152 Test Acc,AvgEnsNet 6: ResNet50 & ResNet101 & ResNet152 F1 score,AvgEnsNet 6: ResNet50 & ResNet101 & ResNet152 Precision,AvgEnsNet 6: ResNet50 & ResNet101 & ResNet152 Recall,AvgEnsNet 6: ResNet50 & ResNet101 & ResNet152 True Neg.,AvgEnsNet 6: ResNet50 & ResNet101 & ResNet152 False Pos.,AvgEnsNet 6: ResNet50 & ResNet101 & ResNet152 False Neg.,AvgEnsNet 6: ResNet50 & ResNet101 & ResNet152 True Pos.,AvgEnsNet 7: ResNet50 & ResNeXt50 & EfficientNetB4 Best Param,AvgEnsNet 7: ResNet50 & ResNeXt50 & EfficientNetB4 Val Acc,AvgEnsNet 7: ResNet50 & ResNeXt50 & EfficientNetB4 Test Acc,AvgEnsNet 7: ResNet50 & ResNeXt50 & EfficientNetB4 F1 score,AvgEnsNet 7: ResNet50 & ResNeXt50 & EfficientNetB4 Precision,AvgEnsNet 7: ResNet50 & ResNeXt50 & EfficientNetB4 Recall,AvgEnsNet 7: ResNet50 & ResNeXt50 & EfficientNetB4 True Neg.,AvgEnsNet 7: ResNet50 & ResNeXt50 & EfficientNetB4 False Pos.,AvgEnsNet 7: ResNet50 & ResNeXt50 & EfficientNetB4 False Neg.,AvgEnsNet 7: ResNet50 & ResNeXt50 & EfficientNetB4 True Pos.
0,{'logisticregression__C': 0.0001},82.25,82.64,0.83,0.83,0.83,119.0,25.0,25.0,119.0,{'logisticregression__C': 0.0001},82.68,81.94,0.82,0.82,0.82,117.0,27.0,25.0,119.0,{'logisticregression__C': 0.0005},82.68,81.94,0.82,0.82,0.82,124.0,20.0,32.0,112.0,{'logisticregression__C': 0.0001},86.58,83.33,0.83,0.83,0.83,120.0,24.0,24.0,120.0,{'logisticregression__C': 0.001},81.39,82.99,0.83,0.83,0.83,121.0,23.0,26.0,118.0,{'logisticregression__C': 0.0005},84.42,83.68,0.84,0.84,0.84,121.0,23.0,24.0,120.0,{'logisticregression__C': 0.0001},85.28,84.03,0.84,0.84,0.84,124.0,20.0,26.0,118.0,Ensemble,86.15,82.99,0.83,0.83,0.83,118.0,26.0,23.0,121.0,Ensemble,83.98,82.99,0.83,0.83,0.83,118.0,26.0,23.0,121.0,Ensemble,85.71,83.33,0.83,0.83,0.83,119.0,25.0,23.0,121.0,Ensemble,85.28,81.94,0.82,0.82,0.82,116.0,28.0,24.0,120.0,Ensemble,84.42,83.33,0.83,0.83,0.83,120.0,24.0,24.0,120.0,Ensemble,86.15,84.72,0.85,0.85,0.85,123.0,21.0,23.0,121.0
1,{'logisticregression__C': 0.0005},81.82,81.6,0.82,0.82,0.82,117.0,27.0,26.0,118.0,{'logisticregression__C': 0.0001},80.95,81.25,0.81,0.81,0.81,114.0,30.0,24.0,120.0,{'logisticregression__C': 0.001},83.98,82.29,0.82,0.82,0.82,121.0,23.0,28.0,116.0,{'logisticregression__C': 0.0005},83.55,84.38,0.84,0.84,0.84,123.0,21.0,24.0,120.0,{'logisticregression__C': 0.0005},83.12,81.6,0.82,0.82,0.82,118.0,26.0,27.0,117.0,{'logisticregression__C': 0.0001},80.52,82.64,0.83,0.83,0.83,118.0,26.0,24.0,120.0,{'logisticregression__C': 0.001},84.42,84.03,0.84,0.84,0.84,126.0,18.0,28.0,116.0,Ensemble,84.42,83.33,0.83,0.83,0.83,118.0,26.0,22.0,122.0,Ensemble,82.25,82.64,0.83,0.83,0.83,120.0,24.0,26.0,118.0,Ensemble,83.12,83.33,0.83,0.83,0.83,120.0,24.0,24.0,120.0,Ensemble,83.98,84.03,0.84,0.84,0.84,121.0,23.0,23.0,121.0,Ensemble,83.98,83.68,0.84,0.84,0.84,120.0,24.0,23.0,121.0,Ensemble,86.15,84.03,0.84,0.84,0.84,121.0,23.0,23.0,121.0
2,{'logisticregression__C': 0.0001},84.42,82.99,0.83,0.83,0.83,119.0,25.0,24.0,120.0,{'logisticregression__C': 0.0001},82.68,81.6,0.82,0.82,0.82,118.0,26.0,27.0,117.0,{'logisticregression__C': 0.001},83.12,83.33,0.83,0.83,0.83,124.0,20.0,28.0,116.0,{'logisticregression__C': 0.001},84.42,84.72,0.85,0.85,0.85,127.0,17.0,27.0,117.0,{'logisticregression__C': 0.001},82.68,82.99,0.83,0.83,0.83,120.0,24.0,25.0,119.0,{'logisticregression__C': 0.0001},85.71,82.29,0.82,0.82,0.82,120.0,24.0,27.0,117.0,{'logisticregression__C': 0.001},83.55,84.03,0.84,0.84,0.84,125.0,19.0,27.0,117.0,Ensemble,84.85,84.38,0.84,0.84,0.84,123.0,21.0,24.0,120.0,Ensemble,84.42,82.99,0.83,0.83,0.83,119.0,25.0,24.0,120.0,Ensemble,85.28,85.07,0.85,0.85,0.85,124.0,20.0,23.0,121.0,Ensemble,85.71,84.72,0.85,0.85,0.85,122.0,22.0,22.0,122.0,Ensemble,84.85,83.68,0.84,0.84,0.84,122.0,22.0,25.0,119.0,Ensemble,86.15,84.72,0.85,0.85,0.85,121.0,23.0,21.0,123.0
3,{'logisticregression__C': 0.001},82.68,81.25,0.81,0.81,0.81,114.0,30.0,24.0,120.0,{'logisticregression__C': 0.0001},82.25,80.56,0.81,0.81,0.81,113.0,31.0,25.0,119.0,{'logisticregression__C': 0.0005},82.68,82.64,0.83,0.83,0.83,121.0,23.0,27.0,117.0,{'logisticregression__C': 0.0005},83.55,83.33,0.83,0.83,0.83,121.0,23.0,25.0,119.0,{'logisticregression__C': 0.001},82.68,81.94,0.82,0.82,0.82,120.0,24.0,28.0,116.0,{'logisticregression__C': 0.0001},80.95,84.03,0.84,0.84,0.84,123.0,21.0,25.0,119.0,{'logisticregression__C': 0.0001},82.68,84.72,0.85,0.85,0.85,123.0,21.0,23.0,121.0,Ensemble,84.42,82.99,0.83,0.83,0.83,115.0,29.0,20.0,124.0,Ensemble,84.42,84.03,0.84,0.84,0.84,119.0,25.0,21.0,123.0,Ensemble,83.98,83.33,0.83,0.83,0.83,119.0,25.0,23.0,121.0,Ensemble,85.71,84.38,0.84,0.84,0.84,118.0,26.0,19.0,125.0,Ensemble,83.12,82.99,0.83,0.83,0.83,118.0,26.0,23.0,121.0,Ensemble,84.85,83.68,0.84,0.84,0.84,118.0,26.0,21.0,123.0
4,{'logisticregression__C': 0.0001},84.85,84.72,0.85,0.85,0.85,121.0,23.0,21.0,123.0,{'logisticregression__C': 0.001},83.55,81.25,0.81,0.81,0.81,114.0,30.0,24.0,120.0,{'logisticregression__C': 0.0005},84.42,79.51,0.8,0.8,0.8,117.0,27.0,32.0,112.0,{'logisticregression__C': 0.0005},85.28,84.03,0.84,0.84,0.84,121.0,23.0,23.0,121.0,{'logisticregression__C': 0.0005},84.42,80.56,0.81,0.81,0.81,120.0,24.0,32.0,112.0,{'logisticregression__C': 0.0005},80.52,82.99,0.83,0.83,0.83,118.0,26.0,23.0,121.0,{'logisticregression__C': 0.001},83.98,85.76,0.86,0.86,0.86,126.0,18.0,23.0,121.0,Ensemble,85.28,83.33,0.83,0.83,0.83,119.0,25.0,23.0,121.0,Ensemble,84.85,84.72,0.85,0.85,0.85,119.0,25.0,19.0,125.0,Ensemble,84.85,84.72,0.85,0.85,0.85,121.0,23.0,21.0,123.0,Ensemble,87.01,84.38,0.84,0.84,0.84,119.0,25.0,20.0,124.0,Ensemble,86.15,82.99,0.83,0.83,0.83,119.0,25.0,24.0,120.0,Ensemble,86.15,85.76,0.86,0.86,0.86,123.0,21.0,20.0,124.0
5,{'logisticregression__C': 0.0005},87.45,82.64,0.83,0.83,0.83,118.0,26.0,24.0,120.0,{'logisticregression__C': 0.001},81.82,80.9,0.81,0.81,0.81,114.0,30.0,25.0,119.0,{'logisticregression__C': 0.0001},82.25,81.6,0.82,0.82,0.82,119.0,25.0,28.0,116.0,{'logisticregression__C': 0.0005},86.58,82.64,0.83,0.83,0.83,121.0,23.0,27.0,117.0,{'logisticregression__C': 0.001},87.45,80.21,0.8,0.8,0.8,118.0,26.0,31.0,113.0,{'logisticregression__C': 0.0001},83.55,82.99,0.83,0.83,0.83,120.0,24.0,25.0,119.0,{'logisticregression__C': 0.0005},87.45,84.72,0.85,0.85,0.85,124.0,20.0,24.0,120.0,Ensemble,86.58,82.29,0.82,0.82,0.82,117.0,27.0,24.0,120.0,Ensemble,85.71,81.6,0.82,0.82,0.82,115.0,29.0,24.0,120.0,Ensemble,87.45,84.38,0.84,0.84,0.84,120.0,24.0,21.0,123.0,Ensemble,84.85,83.33,0.83,0.83,0.83,116.0,28.0,20.0,124.0,Ensemble,87.88,82.64,0.83,0.83,0.83,120.0,24.0,26.0,118.0,Ensemble,87.01,83.68,0.84,0.84,0.84,119.0,25.0,22.0,122.0
6,{'logisticregression__C': 0.001},85.71,82.99,0.83,0.83,0.83,119.0,25.0,24.0,120.0,{'logisticregression__C': 0.0001},81.82,81.94,0.82,0.82,0.82,116.0,28.0,24.0,120.0,{'logisticregression__C': 0.001},84.85,80.21,0.8,0.8,0.8,116.0,28.0,29.0,115.0,{'logisticregression__C': 0.0001},83.12,82.29,0.82,0.82,0.82,120.0,24.0,27.0,117.0,{'logisticregression__C': 0.0001},83.55,81.94,0.82,0.82,0.82,117.0,27.0,25.0,119.0,{'logisticregression__C': 0.0001},82.68,82.99,0.83,0.83,0.83,120.0,24.0,25.0,119.0,{'logisticregression__C': 0.001},83.98,83.68,0.84,0.84,0.84,121.0,23.0,24.0,120.0,Ensemble,83.98,83.33,0.83,0.83,0.83,119.0,25.0,23.0,121.0,Ensemble,85.28,83.68,0.84,0.84,0.84,116.0,28.0,19.0,125.0,Ensemble,83.12,82.99,0.83,0.83,0.83,117.0,27.0,22.0,122.0,Ensemble,86.15,83.33,0.83,0.83,0.83,118.0,26.0,22.0,122.0,Ensemble,84.42,84.03,0.84,0.84,0.84,119.0,25.0,21.0,123.0,Ensemble,86.58,84.03,0.84,0.84,0.84,118.0,26.0,20.0,124.0
7,{'logisticregression__C': 0.001},80.95,84.03,0.84,0.84,0.84,119.0,25.0,21.0,123.0,{'logisticregression__C': 0.0001},83.98,79.51,0.79,0.8,0.8,109.0,35.0,24.0,120.0,{'logisticregression__C': 0.0005},83.12,80.56,0.81,0.81,0.81,116.0,28.0,28.0,116.0,{'logisticregression__C': 0.0005},83.55,81.6,0.82,0.82,0.82,118.0,26.0,27.0,117.0,{'logisticregression__C': 0.001},79.22,79.86,0.8,0.8,0.8,114.0,30.0,28.0,116.0,{'logisticregression__C': 0.0001},82.25,83.33,0.83,0.83,0.83,118.0,26.0,22.0,122.0,{'logisticregression__C': 0.001},83.12,83.33,0.83,0.83,0.83,119.0,25.0,23.0,121.0,Ensemble,81.39,82.64,0.83,0.83,0.83,117.0,27.0,23.0,121.0,Ensemble,82.68,81.6,0.82,0.82,0.82,114.0,30.0,23.0,121.0,Ensemble,83.12,83.33,0.83,0.83,0.83,119.0,25.0,23.0,121.0,Ensemble,83.12,81.25,0.81,0.81,0.81,115.0,29.0,25.0,119.0,Ensemble,80.95,80.9,0.81,0.81,0.81,116.0,28.0,27.0,117.0,Ensemble,83.12,84.03,0.84,0.84,0.84,119.0,25.0,21.0,123.0
8,{'logisticregression__C': 0.001},78.79,84.03,0.84,0.84,0.84,119.0,25.0,21.0,123.0,{'logisticregression__C': 0.0005},78.35,83.33,0.83,0.83,0.83,117.0,27.0,21.0,123.0,{'logisticregression__C': 0.0005},80.52,80.9,0.81,0.81,0.81,121.0,23.0,32.0,112.0,{'logisticregression__C': 0.0005},80.09,82.99,0.83,0.83,0.83,120.0,24.0,25.0,119.0,{'logisticregression__C': 0.0001},80.52,79.86,0.8,0.8,0.8,116.0,28.0,30.0,114.0,{'logisticregression__C': 0.001},83.98,83.33,0.83,0.83,0.83,120.0,24.0,24.0,120.0,{'logisticregression__C': 0.001},83.12,83.33,0.83,0.83,0.83,121.0,23.0,25.0,119.0,Ensemble,80.95,84.38,0.84,0.84,0.84,120.0,24.0,21.0,123.0,Ensemble,79.65,82.99,0.83,0.83,0.83,117.0,27.0,22.0,122.0,Ensemble,80.52,84.38,0.84,0.84,0.84,120.0,24.0,21.0,123.0,Ensemble,80.09,84.38,0.84,0.85,0.84,117.0,27.0,18.0,126.0,Ensemble,80.09,84.38,0.84,0.84,0.84,120.0,24.0,21.0,123.0,Ensemble,80.95,82.99,0.83,0.83,0.83,118.0,26.0,23.0,121.0
9,{'logisticregression__C': 0.0005},83.12,84.72,0.85,0.85,0.85,122.0,22.0,22.0,122.0,{'logisticregression__C': 0.0001},83.12,83.33,0.83,0.83,0.83,118.0,26.0,22.0,122.0,{'logisticregression__C': 0.001},81.82,81.94,0.82,0.82,0.82,123.0,21.0,31.0,113.0,{'logisticregression__C': 0.0001},83.12,82.64,0.83,0.83,0.83,122.0,22.0,28.0,116.0,{'logisticregression__C': 0.0005},83.98,80.9,0.81,0.81,0.81,117.0,27.0,28.0,116.0,{'logisticregression__C': 0.0001},81.39,85.42,0.85,0.85,0.85,123.0,21.0,21.0,123.0,{'logisticregression__C': 0.0005},83.98,84.38,0.84,0.84,0.84,125.0,19.0,26.0,118.0,Ensemble,85.28,83.33,0.83,0.83,0.83,119.0,25.0,23.0,121.0,Ensemble,84.85,85.07,0.85,0.85,0.85,121.0,23.0,20.0,124.0,Ensemble,84.42,83.68,0.84,0.84,0.84,121.0,23.0,24.0,120.0,Ensemble,85.28,84.03,0.84,0.84,0.84,120.0,24.0,22.0,122.0,Ensemble,86.58,82.64,0.83,0.83,0.83,122.0,22.0,28.0,116.0,Ensemble,84.85,87.15,0.87,0.87,0.87,126.0,18.0,19.0,125.0
4.5,,83.20400000000001,83.161,0.833,0.833,0.833,118.7,25.3,23.2,120.8,,82.12,81.561,0.8150000000000001,0.8160000000000001,0.8160000000000001,115.0,29.0,24.1,119.9,,82.944,81.492,0.8160000000000001,0.8160000000000001,0.8160000000000001,120.2,23.8,29.5,114.5,,83.98400000000001,83.195,0.8319999999999999,0.8319999999999999,0.8319999999999999,121.3,22.7,25.7,118.3,,82.901,81.285,0.8140000000000001,0.8140000000000001,0.8140000000000001,118.1,25.9,28.0,116.0,,82.59700000000001,83.369,0.833,0.833,0.833,120.1,23.9,24.0,120.0,,84.156,84.201,0.842,0.842,0.842,123.4,20.6,24.9,119.1,,84.33,83.299,0.8309999999999998,0.8309999999999998,0.8309999999999998,118.5,25.5,22.6,121.4,,83.809,83.231,0.834,0.834,0.834,117.8,26.2,22.1,121.9,,84.157,83.854,0.837,0.837,0.837,120.0,24.0,22.5,121.5,,84.71799999999999,83.57699999999998,0.834,0.835,0.834,118.2,25.8,21.5,122.5,,84.244,83.126,0.8319999999999999,0.8319999999999999,0.8319999999999999,119.6,24.4,24.2,119.8,,85.19600000000001,84.479,0.8459999999999999,0.8459999999999999,0.8459999999999999,120.6,23.4,21.3,122.7
9.166666666666666,,6.2408488888888805,1.4512544444444464,0.00015666666666666636,0.00015666666666666636,0.00015666666666666636,4.677777777777778,4.677777777777777,3.288888888888889,3.2888888888888888,,2.5456000000000087,1.3762766666666613,0.00013888888888888805,9.333333333333252e-05,9.333333333333252e-05,7.777777777777778,7.777777777777778,2.7666666666666666,2.7666666666666666,,1.6340933333333356,1.392995555555554,0.00011555555555555466,0.00011555555555555466,0.00011555555555555466,9.511111111111113,9.511111111111111,4.055555555555555,4.055555555555555,,3.6188266666666613,0.9427388888888883,8.444444444444459e-05,8.444444444444459e-05,8.444444444444459e-05,5.788888888888888,5.78888888888889,2.9000000000000004,2.9000000000000004,,5.137098888888896,1.4068944444444405,0.0001377777777777768,0.0001377777777777768,0.0001377777777777768,4.766666666666666,4.766666666666666,5.777777777777778,5.777777777777778,,3.195512222222222,0.7633211111111122,6.777777777777789e-05,6.777777777777789e-05,6.777777777777789e-05,3.433333333333333,3.433333333333334,2.888888888888889,2.888888888888889,,1.8854266666666648,0.5419655555555566,8.444444444444458e-05,8.444444444444458e-05,8.444444444444458e-05,5.599999999999999,5.6000000000000005,3.211111111111111,3.2111111111111104,,3.406333333333332,0.44269888888888587,3.222222222222228e-05,3.222222222222228e-05,3.222222222222228e-05,4.5,4.5,1.6,1.5999999999999999,,3.3025877777777666,1.3647655555555582,0.00011555555555555576,0.00011555555555555576,0.00011555555555555576,5.066666666666666,5.066666666666666,5.433333333333333,5.433333333333333,,3.505712222222221,0.5174488888888873,6.777777777777789e-05,6.777777777777789e-05,6.777777777777789e-05,3.3333333333333335,3.3333333333333335,1.3888888888888888,1.3888888888888888,,3.8264177777777735,1.3186677777777764,0.0001377777777777774,0.0001611111111111108,0.0001377777777777774,5.288888888888888,5.288888888888888,4.944444444444445,4.944444444444445,,5.797626666666657,0.9455155555555534,8.444444444444406e-05,8.444444444444406e-05,8.444444444444406e-05,3.1555555555555554,3.1555555555555563,5.511111111111111,5.51111111111111,,3.4915822222222244,1.443343333333337,0.000137777777777778,0.000137777777777778,0.000137777777777778,7.377777777777778,7.377777777777778,2.011111111111111,2.011111111111111
3.0276503540974917,,2.4981691073441925,1.2046802249744313,0.012516655570345713,0.012516655570345713,0.012516655570345713,2.1628170930011112,2.1628170930011112,1.8135294011647258,1.8135294011647258,,1.5954936540143332,1.1731481861498407,0.011785113019775757,0.009660917830792917,0.009660917830792917,2.788866755113585,2.788866755113585,1.66332999331662,1.66332999331662,,1.278316601368118,1.1802523270705947,0.010749676997731357,0.010749676997731357,0.010749676997731357,3.084008934992101,3.0840089349921005,2.0138409955990952,2.0138409955990952,,1.902321388900062,0.9709474181895168,0.009189365834726822,0.009189365834726822,0.009189365834726822,2.4060109910158114,2.406010991015812,1.7029386365926402,1.7029386365926402,,2.2665169068173516,1.1861258130756789,0.01173787790777263,0.01173787790777263,0.01173787790777263,2.183269719175042,2.183269719175042,2.4037008503093262,2.4037008503093262,,1.787599569876381,0.8736825001744697,0.008232726023485654,0.008232726023485654,0.008232726023485654,1.8529256146249728,1.852925614624973,1.699673171197595,1.699673171197595,,1.3731083958182853,0.7361830992053244,0.009189365834726822,0.009189365834726822,0.009189365834726822,2.3664319132398464,2.3664319132398464,1.7919573407620815,1.7919573407620815,,1.845625458573145,0.6653562120314845,0.0056764621219754716,0.0056764621219754716,0.0056764621219754716,2.1213203435596424,2.1213203435596424,1.2649110640673518,1.2649110640673518,,1.817302335269992,1.1682318072863613,0.01074967699773141,0.01074967699773141,0.01074967699773141,2.250925735484551,2.250925735484551,2.3309511649396115,2.3309511649396115,,1.8723547266002298,0.7193392029417605,0.008232726023485654,0.008232726023485654,0.008232726023485654,1.8257418583505538,1.8257418583505538,1.1785113019775793,1.1785113019775793,,1.9561231499519076,1.1483326076436986,0.011737877907772656,0.012692955176439834,0.011737877907772656,2.2997584414213783,2.2997584414213783,2.223610677354389,2.223610677354389,,2.4078261288279634,0.9723762417683566,0.009189365834726794,0.009189365834726794,0.009189365834726794,1.776388345929897,1.7763883459298973,2.3475755815545347,2.3475755815545343,,1.868577593310544,1.2013922479079582,0.011737877907772682,0.011737877907772682,0.011737877907772682,2.716206504995115,2.716206504995115,1.4181364924121764,1.4181364924121764
